Code,Attention category,Stage/function,Concise operational definition
E11,Sensory thermal state,Appraisal—perception,"Immediate, present-focused report of thermal sensation or comfort, without further interpretation or domain-specific disruption."
E12,Interpreting thermal feel,Appraisal—interpretation,"Explanation, attribution or comparison of why conditions feel hot, humid, muggy, sticky, dry or otherwise uncomfortable."
E21,Night-time heat and sleep disruption,Situated disruption—sleep,Heat-related difficulty sleeping or disruption of night-time routines without clinical diagnosis or medical-risk framing.
E22,Home life and companionship,Situated disruption—home,"Domestic routines, family, companionship or pets under heat, without explicit animal-health risk or institutional provision."
E23,Work and commuting,Situated disruption—role,"Heat-related work or commuting burden, including PPE discomfort, productivity loss or travel inconvenience, without medical framing."
E24,Personal outdoor activity,Situated disruption—self-directed activity,"Heat experienced during self-directed walking, exercise, leisure or travel, emphasizing personal constraints or adjustment."
E25,Organised events and mass activities,Situated disruption—organised activity,"Heat experienced in structured events, venues, crowds or queues where organised conditions or operations are central."
E31,Affective coping,Coping—emotion focused,"Venting, humour, exaggeration, celebration or savouring used to regulate or socially communicate affect; excludes clinical mental-health burden."
E32,Device and spatial cooling,Coping—problem focused,"Personal cooling through air conditioning, fans, shade, staying indoors or seeking cooler spaces, rather than institutional provision."
E33,Consumptive cooling,Coping—problem focused,"Cooling or relief through food and beverages, including cold drinks, chilled food and ice cream."
H11,Vulnerable populations,Vulnerability—human,"Heightened susceptibility or exposure among older adults, children, unhoused or chronically ill people, marginalised groups or outdoor workers."
H12,Animal health risk,Vulnerability—animal,"Heat-related illness, dehydration, overheating, rescue or mortality risk affecting pets or wildlife."
H21,Individual physical-health outcomes,Outcome—individual physical,"Explicit physical symptoms, heat illness, dehydration, fainting, nausea, emergency care or symptom-specific medical advice."
H22,Individual mental-health burden,Outcome—individual mental,"Explicit anxiety, depression, psychological distress or mental-health-system strain extending beyond everyday venting or humour."
H31,Population and health-system burden,Outcome—population/system,"Population-level mortality, hospitalisation, epidemiological burden or pressure on health services."
H41,Health warnings and preventive advice,Public-health action,"Heat alerts, risk reminders or preventive guidance, including hydration, check-ins and avoiding exposure."
S11,Structural inequality and climate justice,Structural vulnerability—equity,"Unequal heat exposure, housing conditions or cooling access framed through resource distribution, marginalisation, responsibility or justice."
S21,Urban planning and heat conditions,Built environment,"Links urban form, materials, greenery, infrastructure or planning to heat exposure or cooling conditions."
S22,Energy-system vulnerability and response,Critical infrastructure,"Heat-driven electricity demand, grid stress, outages, cascading impacts, resilience measures or energy-system response."
S31,Institutional heat response and operations,Institutional response,"Institutional cooling provision, service rescheduling, emergency operations or governance decisions responding to heat."
S41,Climate-change attribution,Framing—attribution,Explicitly attributes current heat or related extreme weather to climate change or global warming.
S42,Climate controversy and contestation,Framing—contestation,"Debate, scepticism, denial, conspiracy, persuasion or contestation concerning climate-related interpretations of heat."
S43,Long-term climate or seasonal context,Framing—context,"Situates heat within long-term trends, climate background or seasonality without explicit causal attribution."
S44,Extreme heat and compound hazards,Framing—compound risk,"Frames heat alongside drought, wildfire, smoke, flood or other interacting hazards and cascading risks."
